id,aegis_name,name,buy,sell,weight,slots,drop_announce,container,no_drop,no_trade,no_cart,no_storage,script
4001,Poring_Card,Poring Card,20,,10,0,False,False,False,False,False,False,"bonus bLuk,2;
bonus bFlee2,1;
"
4002,Fabre_Card,Fabre Card,20,,10,0,False,False,False,False,False,False,"bonus bVit,1;
bonus bMaxHP,100;
"
4003,Pupa_Card,Pupa Card,20,,10,0,False,False,False,False,False,False,"bonus bMaxHP,700;
"
4004,Drops_Card,Drops Card,20,,10,0,False,False,False,False,False,False,"bonus bDex,1;
bonus bHit,3;
"
4005,Poring__Card,Santa Poring Card,20,,10,0,False,False,False,False,False,False,"bonus2 bAddEle,Ele_Dark,20;
"
4006,Lunatic_Card,Lunatic Card,20,,10,0,False,False,False,False,False,False,"bonus bLuk,1;
bonus bCritical,1;
bonus bFlee2,1;
"
4007,Pecopeco_Egg_Card,Peco Peco Egg Card,20,,10,0,False,False,False,False,False,False,"bonus2 bAddRace,RC_Formless,20;
"
4008,Picky_Card,Picky Card,20,,10,0,False,False,False,False,False,False,"bonus bStr,1;
bonus bBaseAtk,10;
"
4009,Chonchon_Card,Chonchon Card,20,,10,0,False,False,False,False,False,False,"bonus bAgi,1;
bonus bFlee,2;
"
4010,Wilow_Card,Willow Card,20,,10,0,False,False,False,False,False,False,"bonus bMaxSP,80;
"
4011,Picky__Card,Picky Egg Card,20,,10,0,False,False,False,False,False,False,"bonus bVit,1;
bonus bMaxHP,100;
"
4012,Thief_Bug_Egg_Card,Thief Bug Egg Card,20,,10,0,False,False,False,False,False,False,"bonus bMaxHP,400;
"
4013,Andre_Egg_Card,Andre Egg Card,20,,10,0,False,False,False,False,False,False,"bonus bMaxHPrate,5;
"
4014,Roda_Frog_Card,Roda Frog Card,20,,10,0,False,False,False,False,False,False,"bonus bMaxHP,400;
bonus bMaxSP,50;
"
4015,Condor_Card,Condor Card,20,,10,0,False,False,False,False,False,False,"bonus bFlee,10;
"
4016,Thief_Bug_Card,Thief Bug Card,20,,10,0,False,False,False,False,False,False,"bonus bAgi,1;
"
4017,Savage_Babe_Card,Savage Babe Card,20,,10,0,False,False,False,False,False,False,"bonus2 bAddEff,Eff_Stun,500;
"
4018,Andre_Larva_Card,Andre Larva Card,20,,10,0,False,False,False,False,False,False,"bonus bInt,1;
bonus bMaxSP,10;
"
4019,Hornet_Card,Hornet Card,20,,10,0,False,False,False,False,False,False,"bonus bStr,1;
bonus bBaseAtk,3;
"
4020,Farmiliar_Card,Familiar Card,20,,10,0,False,False,False,False,False,False,"bonus2 bAddEff,Eff_Blind,500;
bonus bBaseAtk,5;
"
4021,Rocker_Card,Rocker Card,20,,10,0,False,False,False,False,False,False,"bonus bDex,1;
bonus bBaseAtk,5;
"
4022,Spore_Card,Spore Card,20,,10,0,False,False,False,False,False,False,"bonus bVit,2;
"
4023,Desert_Wolf_Babe_Card,Baby Desert Wolf Card,20,,10,0,False,False,False,False,False,False,"bonus bInt,1;
"
4024,Plankton_Card,Plankton Card,20,,10,0,False,False,False,False,False,False,"bonus2 bAddEff,Eff_Sleep,500;
bonus bBaseAtk,5;
"
4025,Skeleton_Card,Skeleton Card,20,,10,0,False,False,False,False,False,False,"bonus bBaseAtk,10;
bonus2 bAddEff,Eff_Stun,200;
"
4026,Thief_Bug_Female_Card,Female Thief Bug Card,20,,10,0,False,False,False,False,False,False,"bonus bAgi,1;
bonus bFlee,1;
"
4027,Kukre_Card,Kukre Card,20,,10,0,False,False,False,False,False,False,"bonus bAgi,2;
"
4028,Tarou_Card,Tarou Card,20,,10,0,False,False,False,False,False,False,"bonus bStr,2;
"
4029,Wolf_Card,Wolf Card,20,,10,0,False,False,False,False,False,False,"bonus bBaseAtk,15;
bonus bCritical,1;
"
4030,Mandragora_Card,Mandragora Card,20,,10,0,False,False,False,False,False,False,"bonus2 bAddEle,Ele_Wind,20;
"
4031,Pecopeco_Card,Peco Peco Card,20,,10,0,False,False,False,False,False,False,"bonus bMaxHPrate,10;
"
4032,Ambernite_Card,Ambernite Card,20,,10,0,False,False,False,False,False,False,"bonus bDef,2;
"
4033,Poporing_Card,Poporing Card,20,,10,0,False,False,False,False,False,False,"skill ""TF_DETOXIFY"",1;
"
4034,Worm_Tail_Card,Wormtail Card,20,,10,0,False,False,False,False,False,False,"bonus bDex,2;
"
4035,Hydra_Card,Hydra Card,20,,10,0,False,False,False,False,False,False,"bonus2 bAddRace,RC_DemiHuman,20;
bonus2 bAddRace,RC_Player_Human,20;
"
4036,Muka_Card,Muka Card,20,,10,0,False,False,False,False,False,False,"bonus bHPrecovRate,10;
"
4037,Snake_Card,Snake Card,20,,10,0,False,False,False,False,False,False,"bonus2 bAddEff,Eff_Poison,500;
bonus bBaseAtk,5;
"
4038,Zombie_Card,Zombie Card,20,,10,0,False,False,False,False,False,False,"bonus bHPrecovRate,20;
"
4039,Stainer_Card,Stainer Card,20,,10,0,False,False,False,False,False,False,"bonus2 bResEff,Eff_Silence,2000;
bonus bDef,1;
"
4040,Creamy_Card,Creamy Card,20,,10,0,False,False,False,False,False,False,"skill ""AL_TELEPORT"",1;
"
4041,Coco_Card,Coco Card,20,,10,0,False,False,False,False,False,False,"bonus2 bResEff,Eff_Sleep,2000;
bonus bDef,1;
"
4042,Steel_Chonchon_Card,Steel Chonchon Card,20,,10,0,False,False,False,False,False,False,"bonus2 bSubEle,Ele_Wind,10;
bonus bDef,2;
"
4043,Andre_Card,Andre Card,20,,10,0,False,False,False,False,False,False,"bonus bBaseAtk,20;
"
4044,Smokie_Card,Smokie Card,20,,10,0,False,False,False,False,False,False,"skill ""TF_HIDING"",1;
"
4045,Horn_Card,Horn Card,20,,10,0,False,False,False,False,False,False,"bonus bLongAtkDef,35;
"
4046,Martin_Card,Martin Card,20,,10,0,False,False,False,False,False,False,"bonus2 bResEff,Eff_Blind,2000;
bonus bDef,1;
"
4047,Ghostring_Card,Ghostring Card,20,,10,0,False,False,False,False,False,False,"bonus bDefEle,Ele_Ghost;
bonus bHPrecovRate,-25;
"
4048,Poison_Spore_Card,Poison Spore Card,20,,10,0,False,False,False,False,False,False,"skill ""TF_POISON"",3;
"
4049,Vadon_Card,Vadon Card,20,,10,0,False,False,False,False,False,False,"bonus2 bAddEle,Ele_Fire,20;
"
4050,Thief_Bug_Male_Card,Male Thief Bug Card,20,,10,0,False,False,False,False,False,False,"bonus bAgi,2;
"
4051,Yoyo_Card,Yoyo Card,20,,10,0,False,False,False,False,False,False,"bonus bFlee2,5;
bonus bAgi,1;
"
4052,Elder_Wilow_Card,Elder Willow Card,20,,10,0,False,False,False,False,False,False,"bonus bInt,2;
"
4053,Vitata_Card,Vitata Card,20,,10,0,False,False,False,False,False,False,"skill ""AL_HEAL"",1;
bonus bUseSPrate,25;
"
4054,Angeling_Card,Angeling Card,20,,10,0,False,False,False,False,False,False,"bonus bDefEle,Ele_Holy;
"
4055,Marina_Card,Marina Card,20,,10,0,False,False,False,False,False,False,"bonus2 bAddEff,Eff_Freeze,500;
bonus bBaseAtk,5;
"
4056,Dustiness_Card,Dustiness Card,20,,10,0,False,False,False,False,False,False,"bonus2 bSubEle,Ele_Wind,30;
bonus bFlee,5;
"
4057,Metaller_Card,Metaller Card,20,,10,0,False,False,False,False,False,False,"bonus2 bAddEff,Eff_Silence,500;
bonus bBaseAtk,5;
"
4058,Thara_Frog_Card,Thara Frog Card,20,,10,0,False,False,False,False,False,False,"bonus2 bSubRace,RC_DemiHuman,30;
bonus2 bSubRace,RC_Player_Human,30;
"
4059,Soldier_Andre_Card,Soldier Andre Card,20,,10,0,False,False,False,False,False,False,"bonus2 bSubRace,RC_Plant,30;
"
4060,Goblin_Card,Goblin Card,20,,10,0,False,False,False,False,False,False,"bonus2 bAddRace,RC_Brute,20;
bonus2 bAddRace,RC_Player_Doram,20;
"
4061,Cornutus_Card,Cornutus Card,20,,10,0,False,False,False,False,False,False,"bonus bUnbreakableArmor;
bonus bDef,1;
"
4062,Anacondaq_Card,Anacondaq Card,20,,10,0,False,False,False,False,False,False,"bonus2 bAddEle,Ele_Poison,20;
"
4063,Caramel_Card,Caramel Card,20,,10,0,False,False,False,False,False,False,"bonus2 bAddRace,RC_Insect,20;
"
4064,Zerom_Card,Zerom Card,20,,10,0,False,False,False,False,False,False,"bonus bDex,3;
"
4065,Kaho_Card,Kaho Card,20,,10,0,False,False,False,False,False,False,"bonus2 bAddEle,Ele_Earth,20;
"
4066,Orc_Warrior_Card,Orc Warrior Card,20,,10,0,False,False,False,False,False,False,"bonus2 bSubRace,RC_Brute,30;
bonus2 bSubRace,RC_Player_Doram,30;
"
4067,Megalodon_Card,Megalodon Card,20,,10,0,False,False,False,False,False,False,"bonus2 bResEff,Eff_Freeze,2000;
bonus bDef,1;
"
4068,Scorpion_Card,Scorpion Card,20,,10,0,False,False,False,False,False,False,"bonus2 bAddRace,RC_Plant,20;
"
4069,Drainliar_Card,Drainliar Card,20,,10,0,False,False,False,False,False,False,"bonus2 bAddEle,Ele_Water,20;
"
4070,Eggyra_Card,Eggyra Card,20,,10,0,False,False,False,False,False,False,"bonus bSPrecovRate,15;
"
4071,Orc_Zombie_Card,Orc Zombie Card,20,,10,0,False,False,False,False,False,False,"bonus2 bSubEle,Ele_Undead,30;
bonus bFlee,5;
"
4072,Golem_Card,Golem Card,20,,10,0,False,False,False,False,False,False,"bonus bUnbreakableWeapon;
bonus bBaseAtk,5;
"
4073,Pirate_Skel_Card,Pirate Skeleton Card,20,,10,0,False,False,False,False,False,False,"skill ""MC_DISCOUNT"",5;
"
4074,BigFoot_Card,Bigfoot Card,20,,10,0,False,False,False,False,False,False,"bonus2 bSubRace,RC_Insect,30;
"
4075,Argos_Card,Argos Card,20,,10,0,False,False,False,False,False,False,"bonus2 bResEff,Eff_Stone,2000;
bonus bDef,1;
"
4076,Magnolia_Card,Magnolia Card,20,,10,0,False,False,False,False,False,False,"bonus2 bAddEff,Eff_Curse,500;
bonus bBaseAtk,5;
"
4077,Phen_Card,Phen Card,20,,10,0,False,False,False,False,False,False,"bonus bNoCastCancel;
bonus bCastrate,25;
"
4078,Savage_Card,Savage Card,20,,10,0,False,False,False,False,False,False,"bonus bVit,3;
"
4079,Mantis_Card,Mantis Card,20,,10,0,False,False,False,False,False,False,"bonus bStr,3;
"
4080,Flora_Card,Flora Card,20,,10,0,False,False,False,False,False,False,"bonus2 bAddRace,RC_Fish,20;
"
4081,Hode_Card,Hode Card,20,,10,0,False,False,False,False,False,False,"bonus2 bSubEle,Ele_Earth,30;
bonus bFlee,5;
"
4082,Desert_Wolf_Card,Desert Wolf Card,20,,10,0,False,False,False,False,False,False,"bonus2 bAddSize,Size_Small,15;
bonus bBaseAtk,5;
"
4083,Rafflesia_Card,Rafflesia Card,20,,10,0,False,False,False,False,False,False,"bonus2 bSubRace,RC_Fish,30;
"
4084,Marine_Sphere_Card,Marine Sphere Card,20,,10,0,False,False,False,False,False,False,"skill ""SM_MAGNUM"",3;
"
4085,Orc_Skeleton_Card,Orc Skeleton Card,20,,10,0,False,False,False,False,False,False,"bonus2 bAddEle,Ele_Holy,20;
"
4086,Soldier_Skeleton_Card,Soldier Skeleton Card,20,,10,0,False,False,False,False,False,False,"bonus bCritical,9;
"
4087,Giearth_Card,Giearth Card,20,,10,0,False,False,False,False,False,False,"bonus2 bResEff,Eff_Confusion,10000;
bonus2 bSubEle,Ele_Earth,15;
"
4088,Frilldora_Card,Frilldora Card,20,,10,0,False,False,False,False,False,False,"skill ""AS_CLOAKING"",1;
"
4089,Sword_Fish_Card,Swordfish Card,20,,10,0,False,False,False,False,False,False,"bonus bDefEle,Ele_Water;
bonus bDef,1;
"
4090,Munak_Card,Munak Card,20,,10,0,False,False,False,False,False,False,"bonus2 bResEff,Eff_Stone,1500;
bonus2 bSubEle,Ele_Earth,5;
bonus bDef,1;
"
4091,Kobold_Card,Kobold Card,20,,10,0,False,False,False,False,False,False,"bonus bStr,1;
bonus bCritical,4;
"
4092,Skel_Worker_Card,Skeleton Worker Card,20,,10,0,False,False,False,False,False,False,"bonus2 bAddSize,Size_Medium,15;
bonus bBaseAtk,5;
"
4093,Obeaune_Card,Obeaune Card,20,,10,0,False,False,False,False,False,False,"skill ""AL_CURE"",1;
"
4094,Archer_Skeleton_Card,Archer Skeleton Card,20,,10,0,False,False,False,False,False,False,"bonus bLongAtkRate,10;
"
4095,Marse_Card,Marse Card,20,,10,0,False,False,False,False,False,False,"bonus2 bSubEle,Ele_Water,30;
bonus bFlee,5;
"
4096,Zenorc_Card,Zenorc Card,20,,10,0,False,False,False,False,False,False,"bonus2 bAddEff,Eff_Poison,400;
bonus bBaseAtk,10;
"
4097,Matyr_Card,Matyr Card,20,,10,0,False,False,False,False,False,False,"bonus bMaxHPrate,10;
bonus bAgi,1;
"
4098,Dokebi_Card,Dokebi Card,20,,10,0,False,False,False,False,False,False,"bonus bDefEle,Ele_Wind;
bonus bDef,1;
"
4099,Pasana_Card,Pasana Card,20,,10,0,False,False,False,False,False,False,"bonus bDefEle,Ele_Fire;
bonus bDef,1;
"
4100,Sohee_Card,Sohee Card,20,,10,0,False,False,False,False,False,False,"bonus bMaxSPrate,15;
bonus bSPrecovRate,3;
"
4101,Sand_Man_Card,Sandman Card,20,,10,0,False,False,False,False,False,False,"bonus bDefEle,Ele_Earth;
bonus bDef,1;
"
4102,Whisper_Card,Whisper Card,20,,10,0,False,False,False,False,False,False,"bonus bFlee,20;
bonus2 bSubEle,Ele_Ghost,-50;
"
4103,Horong_Card,Horong Card,20,,10,0,False,False,False,False,False,False,"skill ""MG_SIGHT"",1;
"
4104,Requiem_Card,Requiem Card,20,,10,0,False,False,False,False,False,False,"bonus2 bAddEff,Eff_Confusion,500;
"
4105,Marc_Card,Marc Card,20,,10,0,False,False,False,False,False,False,"bonus2 bSubEle,Ele_Water,5;
bonus2 bResEff,Eff_Freeze,10000;
"
4106,Mummy_Card,Mummy Card,20,,10,0,False,False,False,False,False,False,"bonus bHit,20;
"
4107,Verit_Card,Verit Card,20,,10,0,False,False,False,False,False,False,"bonus bMaxHPrate,8;
bonus bMaxSPrate,8;
"
4108,Myst_Card,Myst Card,20,,10,0,False,False,False,False,False,False,"bonus2 bSubEle,Ele_Poison,30;
bonus bFlee,5;
"
4109,Jakk_Card,Jakk Card,20,,10,0,False,False,False,False,False,False,"bonus2 bSubEle,Ele_Fire,30;
bonus bFlee,5;
"
4110,Ghoul_Card,Ghoul Card,20,,10,0,False,False,False,False,False,False,"bonus2 bResEff,Eff_Poison,2000;
bonus bDef,1;
"
4111,Strouf_Card,Strouf Card,20,,10,0,False,False,False,False,False,False,"bonus2 bAddRace,RC_Demon,20;
"
4112,Marduk_Card,Marduk Card,20,,10,0,False,False,False,False,False,False,"bonus2 bResEff,Eff_Silence,10000;
"
4113,Marionette_Card,Marionette Card,20,,10,0,False,False,False,False,False,False,"bonus2 bSubEle,Ele_Ghost,30;
bonus bFlee,5;
"
4114,Argiope_Card,Argiope Card,20,,10,0,False,False,False,False,False,False,"bonus bDefEle,Ele_Poison;
bonus bDef,1;
"
4115,Hunter_Fly_Card,Hunter Fly Card,20,,10,0,False,False,False,False,False,False,"bonus2 bHPDrainRate,30,15;
"
4116,Isis_Card,Isis Card,20,,10,0,False,False,False,False,False,False,"bonus2 bSubEle,Ele_Dark,30;
bonus bFlee,5;
"
4117,Side_Winder_Card,Sidewinder Card,20,,10,0,False,False,False,False,False,False,"skill ""TF_DOUBLE"",1;
"
4118,Petit_Card,Earth Petite Card,20,,10,0,False,False,False,False,False,False,"bonus2 bAddRace,RC_Dragon,20;
"
4119,Bathory_Card,Bathory Card,20,,10,0,False,False,False,False,False,False,"bonus bDefEle,Ele_Dark;
"
4120,Petit__Card,Sky Petite Card,20,,10,0,False,False,False,False,False,False,"bonus2 bSubRace,RC_Dragon,30;
"
4121,Phreeoni_Card,Phreeoni Card,20,,10,0,False,False,False,False,False,False,"bonus bHit,100;
"
4122,Deviruchi_Card,Deviruchi Card,20,,10,0,False,False,False,False,False,False,"bonus bStr,1;
bonus2 bResEff,Eff_Blind,10000;
"
4123,Eddga_Card,Eddga Card,20,,10,0,False,False,False,False,False,False,"bonus bMaxHPrate,-25;
bonus bNoWalkDelay;
"
4124,Medusa_Card,Medusa Card,20,,10,0,False,False,False,False,False,False,"bonus2 bSubRace,RC_Demon,15;
bonus2 bResEff,Eff_Stone,10000;
"
4125,Deviace_Card,Deviace Card,20,,10,0,False,False,False,False,False,False,"bonus2 bAddRace,RC_DemiHuman,7;
bonus2 bAddRace,RC_Player_Human,7;
bonus2 bAddRace,RC_Brute,7;
bonus2 bAddRace,RC_Player_Doram,7;
bonus2 bAddRace,RC_Plant,7;
bonus2 bAddRace,RC_Insect,7;
"
4126,Minorous_Card,Minorous Card,20,,10,0,False,False,False,False,False,False,"bonus2 bAddSize,Size_Large,15;
bonus bBaseAtk,5;
"
4127,Nightmare_Card,Nightmare Card,20,,10,0,False,False,False,False,False,False,"bonus2 bResEff,Eff_Sleep,10000;
bonus bAgi,1;
"
4128,Golden_Bug_Card,Golden Thief Bug Card,20,,10,0,False,False,False,False,False,False,"bonus bNoMagicDamage,100;
bonus bUseSPrate,100;
"
4129,Baphomet__Card,Bapho Jr. Card,20,,10,0,False,False,False,False,False,False,"bonus bAgi,3;
bonus bCritical,1;
"
4130,Scorpion_King_Card,Scorpion King Card,20,,10,0,False,False,False,False,False,False,"bonus2 bAddEle,Ele_Undead,20;
"
4131,Moonlight_Flower_Card,Moonlight Flower Card,20,,10,0,False,False,False,False,False,False,"bonus bSpeedRate,25;
"
4132,Mistress_Card,Mistress Card,20,,10,0,False,False,False,False,False,False,"bonus bNoGemStone;
bonus bUseSPrate,25;
"
4133,Daydric_Card,Raydric Card,20,,10,0,False,False,False,False,False,False,"bonus2 bSubEle,Ele_Neutral,20;
"
4134,Dracula_Card,Dracula Card,20,,10,0,False,False,False,False,False,False,"bonus2 bSPDrainRate,100,5;
"
4135,Orc_Load_Card,Orc Lord Card,20,,10,0,False,False,False,False,False,False,"bonus bShortWeaponDamageReturn,30;
"
4136,Khalitzburg_Card,Khalitzburg Card,20,,10,0,False,False,False,False,False,False,"bonus2 bSubRace,RC_Demon,30;
"
4137,Drake_Card,Drake Card,20,,10,0,False,False,False,False,False,False,"bonus bNoSizeFix;
"
4138,Anubis_Card,Anubis Card,20,,10,0,False,False,False,False,False,False,"bonus2 bSubRace,RC_Angel,30;
"
4139,Joker_Card,Joker Card,20,,10,0,False,False,False,False,False,False,"skill ""TF_STEAL"",1;
"
4140,Knight_Of_Abyss_Card,Abysmal Knight Card,20,,10,0,False,False,False,False,False,False,"bonus2 bAddClass,Class_Boss,25;
"
4141,Evil_Druid_Card,Evil Druid Card,20,,10,0,False,False,False,False,False,False,"bonus bDefEle,Ele_Undead;
bonus bInt,1;
bonus bDef,1;
"
4142,Doppelganger_Card,Doppelganger Card,20,,10,0,False,False,False,False,False,False,"bonus bAspdRate,10;
"
4143,Orc_Hero_Card,Orc Hero Card,20,,10,0,False,False,False,False,False,False,"bonus bVit,3;
bonus2 bResEff,Eff_Stun,10000;
"
4144,Osiris_Card,Osiris Card,20,,10,0,False,False,False,False,False,False,"bonus bRestartFullRecover;
"
4145,Berzebub_Card,Berzebub Card,20,,10,0,False,False,False,False,False,False,"bonus bCastrate,-30;
"
4146,Maya_Card,Maya Card,20,,10,0,False,False,False,False,False,False,"bonus bMagicDamageReturn,50;
"
4147,Baphomet_Card,Baphomet Card,20,,10,0,False,False,False,False,False,False,"bonus bHit,-10;
bonus bSplashRange,1;
"
4148,Pharaoh_Card,Pharaoh Card,20,,10,0,False,False,False,False,False,False,"bonus bUseSPrate,-30;
"
4149,Gargoyle_Card,Gargoyle Card,20,,10,0,False,False,False,False,False,False,"bonus3 bAddMonsterDropItem,12028,RC_Insect,100;
"
4150,Goat_Card,Goat Card,20,,10,0,False,False,False,False,False,False,"if (getrefine()<6) {
   bonus bDef,2;
   bonus bMdef,5;
}
"
4151,Gajomart_Card,Gajomart Card,20,,10,0,False,False,False,False,False,False,"bonus2 bSubRace,RC_Plant,-20;
bonus2 bExpAddRace,RC_Plant,10;
"
4152,Galapago_Card,Galapago Card,20,,10,0,False,False,False,False,False,False,"bonus2 bAddItemGroupHealRate,IG_Juice,50;
bonus3 bAddMonsterDropItem,531,RC_Insect,300;
bonus3 bAddMonsterDropItem,532,RC_Insect,300;
bonus3 bAddMonsterDropItem,534,RC_Insect,300;
"
4153,Crab_Card,Crab Card,20,,10,0,False,False,False,False,False,False,"bonus bBaseAtk,5;
bonus2 bAddDamageClass,1266,30;
"
4154,Rice_Cake_Boy_Card,Dumpling Child Card,20,,10,0,False,False,False,False,False,False,"bonus2 bAddItemGroupHealRate,IG_Candy,50;
bonus3 bAddMonsterDropItem,529,RC_DemiHuman,300;
bonus3 bAddMonsterDropItem,530,RC_DemiHuman,100;
"
4155,Goblin_Leader_Card,Goblin Leader Card,20,,10,0,False,False,False,False,False,False,"bonus2 bAddRace2,RC2_Goblin,30;
"
4156,Steam_Goblin_Card,Goblin Steamrider Card,20,,10,0,False,False,False,False,False,False,"bonus bCritAtkRate,10;
bonus2 bCriticalAddRace,RC_Formless,7;
"
4157,Goblin_Archer_Card,Goblin Archer Card,20,,10,0,False,False,False,False,False,False,"bonus bCritAtkRate,10;
bonus2 bCriticalAddRace,RC_Undead,7;
"
4158,Flying_Deleter_Card,Sky Deleter Card,20,,10,0,False,False,False,False,False,False,"bonus bHPrecovRate,-100;
bonus bHPGainValue,100;
"
4159,Nine_Tail_Card,Nine Tail Card,20,,10,0,False,False,False,False,False,False,"bonus bAgi,2;
if (getrefine()>8)
   bonus bFlee,20;
"
4160,Antique_Firelock_Card,Firelock Soldier Card,20,,10,0,False,False,False,False,False,False,"bonus bStr,2;
if (getrefine()>8) {
   bonus bMaxHPrate,10;
   bonus bMaxSPrate,10;
}
"
4161,Grand_Peco_Card,Grand Peco Card,20,,10,0,False,False,False,False,False,False,"bonus3 bAutoSpellWhenHit,""PR_GLORIA"",1,50;
"
4162,Grizzly_Card,Grizzly Card,20,,10,0,False,False,False,False,False,False,"bonus2 bAddEffWhenHit,Eff_Blind,300;
"
4163,Gryphon_Card,Gryphon Card,20,,10,0,False,False,False,False,False,False,"bonus bFlee,2;
bonus bCritical,7;
if (BaseClass == Job_Swordman)
   bonus3 bAutoSpell,""KN_BOWLINGBASH"",5,10;
"
4164,Gullinbursti_Card,Gullinbursti Card,20,,10,0,False,False,False,False,False,False,"bonus2 bSubRace,RC_Fish,-20;
bonus2 bExpAddRace,RC_Fish,10;
"
4165,Gig_Card,Gig Card,20,,10,0,False,False,False,False,False,False,"bonus2 bSPGainRace,RC_Insect,5;
"
4166,Nightmare_Terror_Card,Nightmare Terror Card,20,,10,0,False,False,False,False,False,False,"bonus2 bAddEffWhenHit,Eff_Curse,300;
"
4167,Neraid_Card,Nereid Card,20,,10,0,False,False,False,False,False,False,"bonus2 bSPGainRace,RC_Brute,5;
bonus2 bSPGainRace,RC_Player_Doram,5;
"
4168,Dark_Lord_Card,Dark Lord Card,20,,10,0,False,False,False,False,False,False,"bonus3 bAutoSpellWhenHit,""WZ_METEOR"",5,100;
"
4169,Dark_Illusion_Card,Dark Illusion Card,20,,10,0,False,False,False,False,False,False,"bonus bMaxHPrate,-10;
bonus bMaxSPrate,-10;
bonus bCastrate,-10;
"
4170,Dark_Frame_Card,Dark Frame Card,20,,10,0,False,False,False,False,False,False,"bonus2 bAddEffWhenHit,Eff_Stone,600;
"
4171,Dark_Priest_Card,Dark Priest Card,20,,10,0,False,False,False,False,False,False,"bonus2 bSPVanishRate,50,10;
if (BaseJob == Job_Sage)
   bonus bSPDrainValue,1;
"
4172,The_Paper_Card,The Paper Card,20,,10,0,False,False,False,False,False,False,"bonus bCritAtkRate,20;
bonus bSPDrainValue,-1;
"
4173,Demon_Pungus_Card,Demon Pungus Card,20,,10,0,False,False,False,False,False,False,"bonus2 bAddEffWhenHit,Eff_Sleep,600;
"
4174,Deviling_Card,Deviling Card,20,,10,0,False,False,False,False,False,False,"bonus2 bSubEle,Ele_Neutral,50;
bonus2 bSubEle,Ele_Water,-50;
bonus2 bSubEle,Ele_Earth,-50;
bonus2 bSubEle,Ele_Fire,-50;
bonus2 bSubEle,Ele_Wind,-50;
bonus2 bSubEle,Ele_Poison,-50;
bonus2 bSubEle,Ele_Holy,-50;
bonus2 bSubEle,Ele_Dark,-50;
bonus2 bSubEle,Ele_Ghost,-50;
bonus2 bSubEle,Ele_Undead,-50;
"
4175,Poison_Toad_Card,Poisonous Toad Card,20,,10,0,False,False,False,False,False,False,"bonus3 bAutoSpell,""TF_POISON"",1,20;
bonus2 bAddSkillBlow,52,5;
"
4176,Dullahan_Card,Dullahan Card,20,,10,0,False,False,False,False,False,False,"bonus bCritAtkRate,10;
bonus2 bCriticalAddRace,RC_Dragon,7;
"
4177,Dryad_Card,Dryad Card,20,,10,0,False,False,False,False,False,False,"bonus3 bAddMonsterDropItem,993,RC_Plant,100;
bonus2 bSubEle,Ele_Earth,10;
"
4178,Dragon_Tail_Card,Dragon Tail Card,20,,10,0,False,False,False,False,False,False,"bonus bAgi,1;
bonus bFlee,10;
bonus2 bSkillAtk,""AC_DOUBLE"",5;
bonus2 bSkillAtk,""AC_SHOWER"",5;
"
4179,Dragon_Fly_Card,Dragon Fly Card,20,,10,0,False,False,False,False,False,False,"bonus bAgi,1;
"
4180,Driller_Card,Driller Card,20,,10,0,False,False,False,False,False,False,"bonus2 bSPGainRace,RC_Dragon,5;
"
4181,Disguise_Card,Disguise Card,20,,10,0,False,False,False,False,False,False,"bonus2 bAddEffWhenHit,Eff_Silence,300+600*(readparam(bVit)>=77);
"
4182,Diabolic_Card,Diabolic Card,20,,10,0,False,False,False,False,False,False,"bonus2 bSPGainRace,RC_Demon,5;
"
4183,Vagabond_Wolf_Card,Vagabond Wolf Card,20,,10,0,False,False,False,False,False,False,"bonus bStr,1;
"
4184,Lava_Golem_Card,Lava Golem Card,20,,10,0,False,False,False,False,False,False,"bonus2 bAddRace2,RC2_Golem,30;
"
4185,Rideword_Card,Rideword Card,20,,10,0,False,False,False,False,False,False,"bonus bInt,1;
if (BaseClass == Job_Acolyte) {
   bonus bInt,1;
   bonus bMdef,1;
}
"
4186,Raggler_Card,Raggler Card,20,,10,0,False,False,False,False,False,False,"bonus bStr,1;
bonus bVit,1;
"
4187,Raydric_Archer_Card,Raydric Archer Card,20,,10,0,False,False,False,False,False,False,"bonus3 bAddMonsterDropItem,12030,RC_Demon,100;
"
4188,Leib_Olmai_Card,Leib Olmai Card,20,,10,0,False,False,False,False,False,False,"bonus2 bSubEle,Ele_Fire,10;
bonus3 bAddMonsterDropItem,990,RC_Brute,100;
"
4189,Wraith_Dead_Card,Wraith Dead Card,20,,10,0,False,False,False,False,False,False,"bonus2 bAddEffWhenHit,Eff_Curse,600;
"
4190,Wraith_Card,Wraith Card,20,,10,0,False,False,False,False,False,False,"bonus3 bAddMonsterDropItem,12027,RC_Undead,100;
"
4191,Loli_Ruri_Card,Loli Ruri Card,20,,10,0,False,False,False,False,False,False,"bonus3 bAutoSpellWhenHit,""AL_HEAL"",3,50;
"
4192,Rotar_Zairo_Card,Rotar Zairo Card,20,,10,0,False,False,False,False,False,False,"bonus bCritAtkRate,10;
bonus2 bCriticalAddRace,RC_Fish,7;
"
4193,Lude_Card,Lude Card,20,,10,0,False,False,False,False,False,False,"if (BaseJob == Job_Novice || BaseJob == Job_SuperNovice)
   bonus3 bAutoSpellWhenHit,""SM_ENDURE"",1,200;
"
4194,Rybio_Card,Rybio Card,20,,10,0,False,False,False,False,False,False,"bonus2 bAddEffWhenHit,Eff_Stun,300+600*(readparam(bDex)>=77);
"
4195,Leaf_Cat_Card,Leaf Cat Card,20,,10,0,False,False,False,False,False,False,"bonus2 bSubEle,Ele_Water,10;
bonus3 bAddMonsterDropItem,991,RC_Fish,100;
"
4196,Marin_Card,Marin Card,20,,10,0,False,False,False,False,False,False,"bonus2 bAddMonsterDropItem,909,2000;
bonus2 bAddMonsterDropItem,7126,10;
"
4197,Mastering_Card,Mastering Card,20,,10,0,False,False,False,False,False,False,"bonus bLuk,1;
"
4198,Maya_Puple_Card,Maya Purple Card,20,,10,0,False,False,False,False,False,False,"bonus bIntravision;
"
4199,Merman_Card,Merman Card,20,,10,0,False,False,False,False,False,False,"bonus bHPrecovRate,10;
bonus bSPrecovRate,10;
"
4200,Megalith_Card,Megalith Card,20,,10,0,False,False,False,False,False,False,"if (getrefine()<6)
   bonus bMdef,7;
"
4201,Majoruros_Card,Majoruros Card,20,,10,0,False,False,False,False,False,False,"bonus2 bAddEffWhenHit,Eff_Stun,600;
"
4202,Civil_Servant_Card,Mao Guai Card,20,,10,0,False,False,False,False,False,False,"bonus2 bAddEle,Ele_Ghost,20;
"
4203,Mutant_Dragon_Card,Mutant Dragonoid Card,20,,10,0,False,False,False,False,False,False,"bonus bBaseAtk,15;
bonus3 bAutoSpell,""MG_FIREBALL"",3+2*(getskilllv(""MG_FIREBALL"") == 10),50;
"
4204,Mini_Demon_Card,Mini Demon Card,20,,10,0,False,False,False,False,False,False,"bonus2 bSubRace,RC_Brute,-20;
bonus2 bSubRace,RC_Player_Doram,-20;
bonus2 bExpAddRace,RC_Brute,10;
"
4205,Mimic_Card,Mimic Card,20,,10,0,False,False,False,False,False,False,"bonus2 bAddMonsterDropItem,603,10;
"
4206,Mystcase_Card,Myst Case Card,20,,10,0,False,False,False,False,False,False,"bonus2 bAddMonsterDropItem,644,30;
"
4207,Mysteltainn_Card,Mysteltainn Card,20,,10,0,False,False,False,False,False,False,"bonus2 bSubSize,Size_Small,25;
bonus bDef,1;
"
4208,Miyabi_Ningyo_Card,Miyabi Doll Card,20,,10,0,False,False,False,False,False,False,"bonus bMaxSPrate,10;
bonus2 bSkillAtk,""MG_FROSTDIVER"",5;
"
4209,Violy_Card,Violy Card,20,,10,0,False,False,False,False,False,False,"bonus3 bAutoSpell,""BA_FROSTJOKER"",1+4*(getskilllv(""BA_FROSTJOKER"") == 5),20;
"
4210,Wander_Man_Card,Wanderer Card,20,,10,0,False,False,False,False,False,False,"if (!isequipped(4172,4257,4230,4272))
   bonus3 bAutoSpell,""RG_INTIMIDATE"",1,20;
if (BaseClass == Job_Thief)
   bonus bFlee,20;
"
4211,Vocal_Card,Vocal Card,20,,10,0,False,False,False,False,False,False,"bonus bMdef,3;
"
4212,Bon_Gun_Card,Bongun Card,20,,10,0,False,False,False,False,False,False,"bonus3 bAutoSpell,""SM_BASH"",1,20;
bonus2 bAddSkillBlow,""SM_BASH"",5;
bonus2 bAddDefMonster,1026,-100;
"
4213,Brilight_Card,Brilight Card,20,,10,0,False,False,False,False,False,False,"bonus2 bAddEffWhenHit,Eff_Silence,600;
"
4214,Bloody_Murderer_Card,Bloody Murderer Card,20,,10,0,False,False,False,False,False,False,"bonus bCritAtkRate,10;
bonus2 bCriticalAddRace,RC_Insect,7;
"
4215,Blazzer_Card,Blazer Card,20,,10,0,False,False,False,False,False,False,"bonus2 bAddMonsterDropItemGroup,IG_Food,10000;
"
4216,Sasquatch_Card,Sasquatch Card,20,,10,0,False,False,False,False,False,False,"bonus2 bAddEffWhenHit,Eff_Freeze,600;
"
4217,Live_Peach_Tree_Card,Enchanted Peach Tree Card,20,,10,0,False,False,False,False,False,False,"bonus3 bAutoSpell,""AL_HEAL"",1+9*(getskilllv(""AL_HEAL"") == 10),20;
"
4218,Succubus_Card,Succubus Card,20,,10,0,False,False,False,False,False,False,"bonus bVit,-3;
bonus bHPrecovRate,-20;
bonus bMaxHP,1000;
"
4219,Sageworm_Card,Sage Worm Card,20,,10,0,False,False,False,False,False,False,"bonus2 bAddMonsterDropItem,715,30;
bonus2 bAddMonsterDropItem,716,30;
bonus2 bAddMonsterDropItem,717,30;
"
4220,Solider_Card,Solider Card,20,,10,0,False,False,False,False,False,False,"bonus bDef,2;
bonus bMdef,2;
"
4221,Skeleton_General_Card,Skeleton General Card,20,,10,0,False,False,False,False,False,False,"bonus2 bSubRace,RC_Insect,-20;
bonus2 bExpAddRace,RC_Insect,10;
"
4222,Skel_Prisoner_Card,Skeleton Prisoner Card,20,,10,0,False,False,False,False,False,False,"bonus2 bAddEffWhenHit,Eff_Sleep,300;
"
4223,Stalactic_Golem_Card,Stalactic Golem Card,20,,10,0,False,False,False,False,False,False,"bonus bDef,1;
bonus2 bResEff,Eff_Stun,2000;
"
4224,Stem_Worm_Card,Stem Worm Card,20,,10,0,False,False,False,False,False,False,"bonus3 bAddMonsterDropItem,12032,RC_Brute,100;
"
4225,Stone_Shooter_Card,Stone Shooter Card,20,,10,0,False,False,False,False,False,False,"bonus bBaseAtk,10;
bonus bHit,10;
"
4226,Sting_Card,Sting Card,20,,10,0,False,False,False,False,False,False,"bonus bDef,2;
if (getrefine()>8)
   bonus bMdef,5;
"
4227,Spring_Rabbit_Card,Spring Rabbit Card,20,,10,0,False,False,False,False,False,False,"bonus2 bAddItemGroupHealRate,IG_Meat,50;
bonus3 bAddMonsterDropItem,517,RC_Brute,200;
bonus3 bAddMonsterDropItem,528,RC_Brute,200;
"
4228,Sleeper_Card,Sleeper Card,20,,10,0,False,False,False,False,False,False,"bonus3 bAddMonsterDropItem,12031,RC_Fish,100;
"
4229,C_Tower_Manager_Card,Tower Keeper Card,20,,10,0,False,False,False,False,False,False,"bonus bInt,1;
bonus bCastrate,-5;
"
4230,Shinobi_Card,Shinobi Card,20,,10,0,False,False,False,False,False,False,"bonus bAgi,1;
bonus3 bAutoSpellWhenHit,""AS_CLOAKING"",5,100;
"
4231,Increase_Soil_Card,Mi Gao Card,20,,10,0,False,False,False,False,False,False,"bonus2 bAddDefMonster,1285,50;
bonus2 bAddDefMonster,1286,50;
bonus2 bAddDefMonster,1287,50;
bonus2 bAddDefMonster,1899,50;
bonus2 bAddDefMonster,1900,50;
"
4232,Wild_Ginseng_Card,Hermit Plant Card,20,,10,0,False,False,False,False,False,False,"bonus2 bAddItemGroupHealRate,IG_Herb,50;
bonus3 bAddMonsterDropItem,507,RC_Plant,300;
bonus3 bAddMonsterDropItem,508,RC_Plant,200;
bonus3 bAddMonsterDropItem,509,RC_Plant,100;
"
4233,Baby_Leopard_Card,Baby Leopard Card,20,,10,0,False,False,False,False,False,False,"bonus bLuk,3;
if (BaseClass == Job_Merchant)
   bonus bUnbreakableArmor;
"
4234,Anolian_Card,Anolian Card,20,,10,0,False,False,False,False,False,False,"bonus3 bAutoSpellWhenHit,""AC_CONCENTRATION"",1+9*(getskilllv(""AC_CONCENTRATION"") == 10),30;
"
4235,Cookie_XMAS_Card,Christmas Cookie Card,20,,10,0,False,False,False,False,False,False,"bonus2 bSubRace,RC_Angel,-20;
bonus2 bExpAddRace,RC_Angel,10;
"
4236,Amon_Ra_Card,Amon Ra Card,20,,10,0,False,False,False,False,False,False,"bonus bAllStats,1;
bonus3 bAutoSpellWhenHit,""PR_KYRIE"",10,(30+70*(readparam(bInt)>=99));
"
4237,Owl_Duke_Card,Owl Duke Card,20,,10,0,False,False,False,False,False,False,"bonus3 bAutoSpell,""PR_IMPOSITIO"",3,3;
"
4238,Owl_Baron_Card,Owl Baron Card,20,,10,0,False,False,False,False,False,False,"bonus3 bAutoSpell,""PR_LEXAETERNA"",1,30;
"
4239,Iron_Fist_Card,Iron Fist Card,20,,10,0,False,False,False,False,False,False,"bonus2 bSubRace,RC_Formless,-20;
bonus2 bExpAddRace,RC_Formless,10;
"
4240,Arclouse_Card,Arclouze Card,20,,10,0,False,False,False,False,False,False,"if (getrefine()<6) {
   bonus bDef,2;
   bonus bMdef,3;
}
"
4241,Archangeling_Card,Arc Angeling Card,20,,10,0,False,False,False,False,False,False,"bonus bMaxHP,300;
if (readparam(bLuk)>=77) {
   bonus bHPrecovRate,100;
   bonus bSPrecovRate,100;
}
"
4242,Apocalips_Card,Apocalipse Card,20,,10,0,False,False,False,False,False,False,"bonus bVit,2;
if (getrefine()>8)
   bonus bMaxHP,800;
"
4243,Antonio_Card,Antonio Card,20,,10,0,False,False,False,False,False,False,"bonus3 bAutoSpellWhenHit,""AL_TELEPORT"",1,500;
"
4244,Alarm_Card,Alarm Card,20,,10,0,False,False,False,False,False,False,"bonus3 bAutoSpellWhenHit,""MG_SIGHT"",1,200;
bonus bMaxHP,300;
bonus bVit,1;
"
4245,Am_Mut_Card,Am Mut Card,20,,10,0,False,False,False,False,False,False,"bonus2 bSubRace,RC_DemiHuman,-20;
bonus2 bSubRace,RC_Player_Human,-20;
bonus2 bExpAddRace,RC_DemiHuman,10;
"
4246,Assulter_Card,Assaulter Card,20,,10,0,False,False,False,False,False,False,"bonus bCritAtkRate,10;
bonus2 bCriticalAddRace,RC_DemiHuman,7;
bonus2 bCriticalAddRace,RC_Player_Human,7;
"
4247,Aster_Card,Aster Card,20,,10,0,False,False,False,False,False,False,"bonus bBaseAtk,5;
bonus2 bAddDamageClass,1074,30;
"
4248,Ancient_Mummy_Card,Ancient Mummy Card,20,,10,0,False,False,False,False,False,False,"bonus3 bAutoSpellWhenHit,""AL_CRUCIS"",5,30;
"
4249,Ancient_Worm_Card,Ancient Worm Card,20,,10,0,False,False,False,False,False,False,"bonus2 bSubRace,RC_Demon,-20;
bonus2 bExpAddRace,RC_Demon,10;
"
4250,Executioner_Card,Executioner Card,20,,10,0,False,False,False,False,False,False,"bonus2 bSubSize,Size_Large,25;
bonus bDef,1;
"
4251,Elder_Card,Elder Card,20,,10,0,False,False,False,False,False,False,"bonus2 bAddDamageClass,1285,40;
bonus2 bAddDamageClass,1286,40;
bonus2 bAddDamageClass,1287,40;
bonus2 bAddDamageClass,1899,40;
bonus2 bAddDamageClass,1900,40;
"
4252,Alligator_Card,Alligator Card,20,,10,0,False,False,False,False,False,False,"bonus bLongAtkDef,5;
"
4253,Alice_Card,Alice Card,20,,10,0,False,False,False,False,False,False,"bonus2 bSubClass,Class_Boss,40;
bonus2 bSubClass,Class_Normal,-40;
"
4254,Tirfing_Card,Ogretooth Card,20,,10,0,False,False,False,False,False,False,"bonus2 bSubSize,Size_Medium,25;
bonus bDef,1;
"
4255,Orc_Lady_Card,Orc Lady Card,20,,10,0,False,False,False,False,False,False,"bonus2 bAddRace2,3,30;
"
4256,Orc_Archer_Card,Orc Archer Card,20,,10,0,False,False,False,False,False,False,"bonus3 bAddMonsterDropItem,12034,RC_DemiHuman,100;
"
4257,Wild_Rose_Card,Wild Rose Card,20,,10,0,False,False,False,False,False,False,"bonus bAgi,1;
if (BaseClass == Job_Thief)
   bonus bFlee2,5;
"
4258,Wicked_Nymph_Card,Evil Nymph Card,20,,10,0,False,False,False,False,False,False,"bonus bInt,1;
bonus bMaxSP,50;
"
4259,Wooden_Golem_Card,Wooden Golem Card,20,,10,0,False,False,False,False,False,False,"bonus bDef,1;
bonus bHPrecovRate,30;
"
4260,Wootan_Shooter_Card,Wootan Shooter Card,20,,10,0,False,False,False,False,False,False,"bonus bDef,1;
bonus2 bResEff,Eff_Confusion,2000;
"
4261,Wootan_Fighter_Card,Wootan Fighter Card,20,,10,0,False,False,False,False,False,False,"bonus bDef,1;
bonus2 bResEff,Eff_Bleeding,2000;
"
4262,Evil_Cloud_Hermit_Card,Cloud Hermit Card,20,,10,0,False,False,False,False,False,False,"bonus3 bAddMonsterDropItem,12029,RC_Plant,100;
"
4263,Incant_Samurai_Card,Samurai Spector Card,20,,10,0,False,False,False,False,False,False,"bonus bIgnoreDefClass,Class_Normal;
bonus bHPrecovRate,-100;
bonus2 bHPLossRate,666,10000;
"
4264,Wind_Ghost_Card,Wind Ghost Card,20,,10,0,False,False,False,False,False,False,"bonus3 bAutoSpell,""WZ_JUPITEL"",3+7*(getskilllv(""WZ_JUPITEL"") == 10),20;
"
4265,Li_Me_Mang_Ryang_Card,Jing Guai Card,20,,10,0,False,False,False,False,False,False,"bonus3 bAddMonsterDropItem,12033,RC_Angel,100;
"
4266,Eclipse_Card,Eclipse Card,20,,10,0,False,False,False,False,False,False,"bonus bVit,1;
"
4267,Explosion_Card,Explosion Card,20,,10,0,False,False,False,False,False,False,"bonus2 bSubRace,RC_Dragon,-20;
bonus2 bExpAddRace,RC_Dragon,10;
"
4268,Injustice_Card,Injustice Card,20,,10,0,False,False,False,False,False,False,"bonus3 bAutoSpell,""AS_SONICBLOW"",1,50;
"
4269,Incubus_Card,Incubus Card,20,,10,0,False,False,False,False,False,False,"bonus bInt,-3;
bonus bSPrecovRate,-20;
bonus bMaxSP,150;
"
4270,Giant_Spider_Card,Giant Spider Card,20,,10,0,False,False,False,False,False,False,"bonus2 bAddEffWhenHit,Eff_Poison,600;
"
4271,Giant_Honet_Card,Giant Hornet Card,20,,10,0,False,False,False,False,False,False,"bonus2 bSubEle,Ele_Wind,10;
bonus3 bAddMonsterDropItem,992,RC_Insect,100;
"
4272,Dancing_Dragon_Card,Zhu Po Long Card,20,,10,0,False,False,False,False,False,False,"bonus bAgi,1;
bonus bCritical,3;
"
4273,Shellfish_Card,Shell Fish Card,20,,10,0,False,False,False,False,False,False,"bonus bBaseAtk,5;
bonus2 bAddDamageClass,1073,30;
"
4274,Zombie_Master_Card,Zombie Master Card,20,,10,0,False,False,False,False,False,False,"bonus2 bSPGainRace,RC_Undead,5;
"
4275,Zombie_Prisoner_Card,Zombie Prisoner Card,20,,10,0,False,False,False,False,False,False,"bonus2 bSubRace,RC_Undead,-20;
bonus2 bExpAddRace,RC_Undead,10;
"
4276,Lord_Of_Death_Card,Lord of The Dead Card,20,,10,0,False,False,False,False,False,False,"bonus3 bAddEff,Eff_Stun,500,ATF_SHORT;
bonus3 bAddEff,Eff_Curse,500,ATF_SHORT;
bonus3 bAddEff,Eff_Silence,500,ATF_SHORT;
bonus3 bAddEff,Eff_Poison,500,ATF_SHORT;
bonus3 bAddEff,Eff_Bleeding,500,ATF_SHORT;
bonus2 bComaClass,Class_Normal,1;
"
4277,Zherlthsh_Card,Zealotus Card,20,,10,0,False,False,False,False,False,False,"bonus bLuk,2;
bonus2 bSkillAtk,""BA_MUSICALSTRIKE"",10;
bonus2 bSkillAtk,""DC_THROWARROW"",10;
"
4278,Gibbet_Card,Gibbet Card,20,,10,0,False,False,False,False,False,False,"if (getrefine()<6)
   bonus bMdef,5;
"
4279,Deleter_Card,Earth Deleter Card,20,,10,0,False,False,False,False,False,False,"bonus bSPrecovRate,-100;
bonus bSPGainValue,10;
"
4280,Geographer_Card,Geographer Card,20,,10,0,False,False,False,False,False,False,"bonus3 bAutoSpellWhenHit,""AL_BLESSING"",2+8*(getskilllv(""AL_BLESSING"") == 10),30;
"
4281,Zipper_Bear_Card,Zipper Bear Card,20,,10,0,False,False,False,False,False,False,"bonus bBaseAtk,30;
bonus bSPDrainValue,-1;
if (BaseClass == Job_Merchant)
   bonus bUnbreakableWeapon;
"
4282,Tengu_Card,Tengu Card,20,,10,0,False,False,False,False,False,False,"bonus2 bAddMonsterDropItemGroup,IG_Recovery,10000;
"
4283,Greatest_General_Card,Greatest General Card,20,,10,0,False,False,False,False,False,False,"bonus3 bAutoSpell,""MO_CALLSPIRITS"",5,2+18*(BaseClass == Job_Acolyte);
"
4284,Chepet_Card,Chepet Card,20,,10,0,False,False,False,False,False,False,"bonus4 bAutoSpell,""AL_HEAL"",5,50,1;
"
4285,Choco_Card,Choco Card,20,,10,0,False,False,False,False,False,False,"bonus bFlee2,5;
bonus bFlee,10;
"
4286,Karakasa_Card,Karakasa Card,20,,10,0,False,False,False,False,False,False,"bonus2 bAddEffWhenHit,Eff_Confusion,300+600*(readparam(bStr)>=77);
"
4287,Kapha_Card,Kapha Card,20,,10,0,False,False,False,False,False,False,"if (getrefine()<6)
   bonus bMdef,8;
"
4288,Carat_Card,Carat Card,20,,10,0,False,False,False,False,False,False,"bonus bInt,2;
if (getrefine()>8)
   bonus bMaxSP,150;
"
4289,Caterpillar_Card,Caterpillar Card,20,,10,0,False,False,False,False,False,False,"bonus2 bSPGainRace,RC_Plant,5;
"
4290,Cat_O_Nine_Tail_Card,Cat O' Nine Tails Card,20,,10,0,False,False,False,False,False,False,"bonus bMdef,3;
bonus bMagicDamageReturn,5;
"
4291,Kobold_Leader_Card,Kobold Leader Card,20,,10,0,False,False,False,False,False,False,"bonus2 bAddRace2,RC2_Kobold,30;
"
4292,Kobold_Archer_Card,Kobold Archer Card,20,,10,0,False,False,False,False,False,False,"bonus bCritAtkRate,10;
bonus2 bCriticalAddRace,RC_Plant,7;
"
4293,Cookie_Card,Cookie Card,20,,10,0,False,False,False,False,False,False,"bonus bLuk,2;
bonus2 bSkillAtk,""AL_HOLYLIGHT"",10;
"
4294,Quve_Card,Quve Card,20,,10,0,False,False,False,False,False,False,"if (BaseJob == Job_Novice || BaseJob == Job_SuperNovice)
   bonus3 bAutoSpellWhenHit,""AL_INCAGI"",1,100;
"
4295,Kraben_Card,Kraben Card,20,,10,0,False,False,False,False,False,False,"bonus2 bAddEffWhenHit,Eff_Blind,600;
"
4296,Cramp_Card,Cramp Card,20,,10,0,False,False,False,False,False,False,"bonus2 bGetZenyNum,500,1;
"
4297,Cruiser_Card,Cruiser Card,20,,10,0,False,False,False,False,False,False,"bonus bCritAtkRate,10;
bonus2 bCriticalAddRace,RC_Brute,7;
bonus2 bCriticalAddRace,RC_Player_Doram,7;
"
4298,Cremy_Fear_Card,Creamy Fear Card,20,,10,0,False,False,False,False,False,False,"bonus2 bAddEffWhenHit,Eff_Confusion,600;
"
4299,Clock_Card,Clock Card,20,,10,0,False,False,False,False,False,False,"bonus3 bAutoSpellWhenHit,""CR_AUTOGUARD"",3+7*(getskilllv(""CR_AUTOGUARD"") == 10),30;
"
4300,Chimera_Card,Chimera Card,20,,10,0,False,False,False,False,False,False,"bonus2 bAddEffWhenHit,Eff_Poison,300+600*(BaseJob == Job_Assassin);
"
4301,Killer_Mantis_Card,Killer Mantis Card,20,,10,0,False,False,False,False,False,False,"bonus2 bAddEffWhenHit,Eff_Bleeding,600;
"
4302,Tao_Gunka_Card,Tao Gunka Card,20,,10,0,False,False,False,False,False,False,"bonus bMaxHPrate,100;
bonus bDef,-50;
bonus bMdef,-50;
"
4303,Whisper_Boss_Card,Giant Whisper Card,20,,10,0,False,False,False,False,False,False,"bonus bFlee,10;
if (readparam(bStr)>=80) bonus bBaseAtk,20;
if (readparam(bVit)>=80) bonus bMaxHPrate,3;
if (readparam(bLuk)>=80) bonus bCritical,3;
"
4304,Tamruan_Card,Tamruan Card,20,,10,0,False,False,False,False,False,False,"bonus bDef,2;
bonus2 bSkillAtk,""CR_SHIELDCHARGE"",10;
bonus2 bSkillAtk,""CR_SHIELDBOOMERANG"",10;
"
4305,Turtle_General_Card,Turtle General Card,20,,10,0,False,False,False,False,False,False,"bonus2 bAddClass,Class_All,20;
bonus3 bAutoSpell,""SM_MAGNUM"",10,30;
"
4306,Toad_Card,Toad Card,20,,10,0,False,False,False,False,False,False,"bonus bFlee2,1;
"
4307,Kind_Of_Beetle_Card,Beetle King Card,20,,10,0,False,False,False,False,False,False,"bonus2 bSPGainRace,RC_Fish,5;
"
4308,Tri_Joint_Card,Tri Joint Card,20,,10,0,False,False,False,False,False,False,"bonus2 bSPGainRace,RC_Formless,5;
"
4309,Parasite_Card,Parasite Card,20,,10,0,False,False,False,False,False,False,"bonus bDef,1;
bonus2 bSubRace,RC_Formless,5;
"
4310,Panzer_Goblin_Card,Panzer Goblin Card,20,,10,0,False,False,False,False,False,False,"bonus bCritAtkRate,10;
bonus2 bCriticalAddRace,RC_Demon,7;
"
4311,Permeter_Card,Permeter Card,20,,10,0,False,False,False,False,False,False,"bonus2 bSubEle,Ele_Dark,15;
bonus2 bSubEle,Ele_Undead,15;
"
4312,Fur_Seal_Card,Seal Card,20,,10,0,False,False,False,False,False,False,"bonus bFlee,3;
bonus bHit,10;
if (BaseClass == Job_Acolyte) {
   bonus2 bCriticalAddRace,RC_Undead,9;
   bonus2 bCriticalAddRace,RC_Demon,9;
}
"
4313,Punk_Card,Punk Card,20,,10,0,False,False,False,False,False,False,"bonus4 bAutoSpellWhenHit,""WZ_QUAGMIRE"",1+4*(getskilllv(""WZ_QUAGMIRE"") == 5),50,0;
"
4314,Penomena_Card,Penomena Card,20,,10,0,False,False,False,False,False,False,"bonus2 bSubRace,RC_Formless,30;
"
4315,Pest_Card,Pest Card,20,,10,0,False,False,False,False,False,False,"bonus2 bAddEffWhenHit,Eff_Stone,300+600*(readparam(bInt)>=77);
"
4316,Fake_Angel_Card,False Angel Card,20,,10,0,False,False,False,False,False,False,"bonus2 bSPGainRace,RC_Angel,5;
"
4317,Mobster_Card,Mobster Card,20,,10,0,False,False,False,False,False,False,"bonus bCritAtkRate,15;
if (BaseClass == Job_Thief)
   bonus bCritical,4;
"
4318,Knight_Windstorm_Card,Stormy Knight Card,20,,10,0,False,False,False,False,False,False,"bonus3 bAutoSpell,""WZ_STORMGUST"",2,20;
bonus2 bAddEff,Eff_Freeze,2000;
"
4319,Freezer_Card,Freezer Card,20,,10,0,False,False,False,False,False,False,"bonus bMaxHP,300;
if (getrefine()>=9)
   bonus2 bSkillAtk,""SM_BASH"",10;
"
4320,Bloody_Knight_Card,Bloody Knight Card,20,,10,0,False,False,False,False,False,False,"bonus3 bAutoSpell,""WZ_METEOR"",1,20;
"
4321,Hylozoist_Card,Hylozoist Card,20,,10,0,False,False,False,False,False,False,"bonus bClassChange,100;
"
4322,High_Orc_Card,High Orc Card,20,,10,0,False,False,False,False,False,False,"bonus bDef,1;
bonus bShortWeaponDamageReturn,5;
"
4323,Garm_Baby_Card,Hatii Babe Card,20,,10,0,False,False,False,False,False,False,"bonus3 bAutoSpell,""MG_FROSTDIVER"",3,50;
"
4324,Garm_Card,Hatii Card,20,,10,0,False,False,False,False,False,False,"bonus2 bAddEffWhenHit,Eff_Freeze,5000;
"
4325,Harpy_Card,Harpy Card,20,,10,0,False,False,False,False,False,False,"bonus2 bSubEle,Ele_Neutral,15;
bonus2 bSkillAtk,""MG_NAPALMBEAT"",5;
"
4326,See_Otter_Card,Sea-Otter Card,20,,10,0,False,False,False,False,False,False,"bonus2 bAddItemGroupHealRate,IG_Fish,50;
bonus3 bAddMonsterDropItem,551,RC_Fish,300;
bonus3 bAddMonsterDropItem,544,RC_Fish,300;
"
4327,Blood_Butterfly_Card,Bloody Butterfly Card,20,,10,0,False,False,False,False,False,False,"bonus bCastrate,30;
bonus bNoCastCancel;
bonus2 bSkillAtk,""MG_FIREWALL"",5;
"
4328,Hyegun_Card,Yao Jun Card,20,,10,0,False,False,False,False,False,False,"bonus bFlee,15;
bonus bCritical,1;
"
4329,Phendark_Card,Phendark Card,20,,10,0,False,False,False,False,False,False,"bonus2 bSPGainRace,RC_DemiHuman,5;
bonus2 bSPGainRace,RC_Player_Human,5;
"
4330,Dark_Snake_Lord_Card,Evil Snake Lord Card,20,,10,0,False,False,False,False,False,False,"bonus bInt,3;
bonus2 bResEff,Eff_Blind,10000;
bonus2 bResEff,Eff_Curse,10000;
"
4331,Heater_Card,Heater Card,20,,10,0,False,False,False,False,False,False,"bonus bCritical,3;
if (BaseClass == Job_Swordman)
   bonus bFlee2,3;
"
4332,Waste_Stove_Card,Waste Stove Card,20,,10,0,False,False,False,False,False,False,"bonus bBaseAtk,5;
bonus bInt,1;
"
4333,Venomous_Card,Venomous Card,20,,10,0,False,False,False,False,False,False,"bonus3 bAddEffWhenHit,Eff_Poison,3000,ATF_TARGET|ATF_SELF;
"
4334,Noxious_Card,Noxious Card,20,,10,0,False,False,False,False,False,False,"bonus bLongAtkDef,10;
bonus2 bSubEle,Ele_Neutral,10;
"
4335,Pitman_Card,Pitman Card,20,,10,0,False,False,False,False,False,False,"bonus2 bSkillAtk,""WZ_EARTHSPIKE"",5;
bonus2 bSkillAtk,""WZ_HEAVENDRIVE"",5;
"
4336,Ungoliant_Card,Ungoliant Card,20,,10,0,False,False,False,False,False,False,"bonus bHPrecovRate,10;
bonus2 bResEff,Eff_Bleeding,10000;
"
4337,Porcellio_Card,Porcellio Card,20,,10,0,False,False,False,False,False,False,"bonus bBaseAtk,25;
bonus bDef,-5;
"
4338,Obsidian_Card,Obsidian Card,20,,10,0,False,False,False,False,False,False,"bonus bVit,readparam(bDex)/18;
"
4339,Mineral_Card,Mineral Card,20,,10,0,False,False,False,False,False,False,"bonus bBaseAtk,-25;
bonus bDef,3;
"
4340,Teddy_Bear_Card,Teddy Bear Card,20,,10,0,False,False,False,False,False,False,"bonus2 bSubRace,RC_Undead,30;
"
4341,Metaling_Card,Metaling Card,20,,10,0,False,False,False,False,False,False,"bonus3 bAutoSpell,""RG_STRIPWEAPON"",1,50;
"
4342,Rsx_0806_Card,RSX-0806 Card,20,,10,0,False,False,False,False,False,False,"bonus bVit,3;
bonus bUnbreakableArmor;
bonus bNoKnockback;
"
4343,Mole_Card,Holden Card,20,,10,0,False,False,False,False,False,False,"bonus bLuk,2;
"
4344,Anopheles_Card,Anopheles Card,20,,10,0,False,False,False,False,False,False,"bonus3 bAddMonsterDropItem,12058,RC_Insect,50;
"
4345,Hill_Wind_Card,Hill Wind Card,20,,10,0,False,False,False,False,False,False,"bonus2 bSkillAtk,""MG_THUNDERSTORM"",5;
bonus2 bSkillAtk,""WZ_JUPITEL"",5;
bonus2 bSkillAtk,""WZ_VERMILION"",5;
"
4346,Ygnizem_Card,Egnigem Cenia Card,20,,10,0,False,False,False,False,False,False,"bonus bStr,readparam(bInt)/18;
"
4347,Armaia_Card,Armeyer Dinze Card,20,,10,0,False,False,False,False,False,False,"bonus3 bAddMonsterDropItem,12053,RC_Fish,50;
"
4348,Whikebain_Card,Wickebine Tres Card,20,,10,0,False,False,False,False,False,False,"bonus3 bAutoSpell,""RG_STRIPARMOR"",1,50;
"
4349,Erend_Card,Errende Ebecee Card,20,,10,0,False,False,False,False,False,False,"bonus4 bAutoSpellWhenHit,""AL_PNEUMA"",1,50,0;
"
4350,Rawrel_Card,Laurell Weinder Card,20,,10,0,False,False,False,False,False,False,"bonus2 bSkillAtk,""WZ_FROSTNOVA"",3;
bonus2 bSkillAtk,""WZ_STORMGUST"",3;
"
4351,Kavac_Card,Kavach Icarus Card,20,,10,0,False,False,False,False,False,False,"if (getrefine()<=4) {
   bonus bFlee,20;
   bonus bFlee2,1;
}
else {
   bonus bFlee,10;
}
"
4352,B_Ygnizem_Card,General Egnigem Cenia Card,20,,10,0,False,False,False,False,False,False,"bonus bMaxHPrate,10;
bonus bMaxSPrate,10;
bonus2 bHPRegenRate,50,10000;
bonus2 bSPRegenRate,10,10000;
"
4353,Removal_Card,Remover Card,20,,10,0,False,False,False,False,False,False,"bonus bMaxHP,800-40*getrefine();
bonus bHPrecovRate,10;
"
4354,Gemini_Card,Gemini-S58 Card,20,,10,0,False,False,False,False,False,False,"if (readparam(bAgi)>=90) {
   bonus2 bResEff,Eff_Silence,3000;
   bonus2 bResEff,Eff_Stun,3000;
}
if (readparam(bVit)>=80) {
   bonus2 bResEff,Eff_Stone,5000;
   bonus2 bResEff,Eff_Sleep,5000;
}
"
4355,Gremlin_Card,Gremlin Card,20,,10,0,False,False,False,False,False,False,"bonus3 bAddMonsterDropItem,12043,RC_Brute,50;
"
4356,Beholder_Card,Beholder Card,20,,10,0,False,False,False,False,False,False,"skill ""SA_CASTCANCEL"",1;
"
4357,B_Seyren_Card,Lord Knight Card,20,,10,0,False,False,False,False,False,False,"skill ""LK_BERSERK"",1;
bonus bMaxHPrate,-50;
"
4358,Seyren_Card,Seyren Windsor Card,20,,10,0,False,False,False,False,False,False,"bonus bStr,getrefine()-6;
"
4359,B_Eremes_Card,Assassin Cross Card,20,,10,0,False,False,False,False,False,False,"skill ""AS_CLOAKING"",3;
"
4360,Eremes_Card,Eremes Guile Card,20,,10,0,False,False,False,False,False,False,"bonus2 bCriticalAddRace,RC_DemiHuman,10;
bonus2 bCriticalAddRace,RC_Player_Human,10;
"
4361,B_Harword_Card,MasterSmith Card,20,,10,0,False,False,False,False,False,False,"bonus bBreakWeaponRate,1000;
bonus bBreakArmorRate,700;
"
4362,Harword_Card,Howard Alt-Eisen Card,20,,10,0,False,False,False,False,False,False,"bonus bAspdRate,-5;
bonus bHit,30;
"
4363,B_Magaleta_Card,High Priest Card,20,,10,0,False,False,False,False,False,False,"bonus5 bAutoSpellWhenHit,""HP_ASSUMPTIO"",1,50,BF_WEAPON|BF_MAGIC,0;
"
4364,Magaleta_Card,Margaretha Sorin Card,20,,10,0,False,False,False,False,False,False,"bonus bInt,1;
bonus5 bAutoSpellWhenHit,""PR_LEXDIVINA"",5,150,BF_MAGIC,1;
"
4365,B_Katrinn_Card,High Wizard Card,20,,10,0,False,False,False,False,False,False,"bonus2 bIgnoreMdefClassRate,Class_Normal,100;
bonus bCastrate,100;
bonus bSPrecovRate,-100;
"
4366,Katrinn_Card,Kathryne Keyron Card,20,,10,0,False,False,False,False,False,False,"bonus bCastrate,getrefine()*-1;
if (getrefine()>=9) {
   bonus bMatkRate,2;
}
"
4367,B_Shecil_Card,Sniper Card,20,,10,0,False,False,False,False,False,False,"bonus2 bHPDrainRate,50,20;
bonus bHPrecovRate,-10;
"
4368,Shecil_Card,Cecil Damon Card,20,,10,0,False,False,False,False,False,False,"bonus bAspdRate,5;
bonus bHit,-30;
"
4369,Venatu_Card,Venatu Card,20,,10,0,False,False,False,False,False,False,"bonus bLuk,readparam(bAgi)/18;
"
4370,Dimik_Card,Dimik Card,20,,10,0,False,False,False,False,False,False,"bonus bVit,getrefine()-5;
"
4371,Archdam_Card,Archdam Card,20,,10,0,False,False,False,False,False,False,"bonus bBaseAtk,10;
bonus bCastrate,20;
"
4372,Bacsojin_Card,White Lady Card,20,,10,0,False,False,False,False,False,False,"bonus bHealPower,30;
bonus bUseSPrate,15;
"
4373,Chung_E_Card,Green Maiden Card,20,,10,0,False,False,False,False,False,False,"bonus bLuk,getrefine()-5;
bonus bCritical,getrefine();
"
4374,Apocalips_H_Card,Vesper Card,20,,10,0,False,False,False,False,False,False,"bonus bDex,2;
bonus2 bIgnoreMdefClassRate,Class_Boss,30;
"
4375,Orc_Baby_Card,Orc Baby Card,20,,10,0,False,False,False,False,False,False,"if (getrefine()>=9) {
   bonus2 bSubEle,Ele_Neutral,15;
   bonus bFlee,15;
}
else {
   bonus2 bSubEle,Ele_Neutral,10;
   bonus bFlee,10;
}
"
4376,Lady_Tanee_Card,Lady Tanee Card,20,,10,0,False,False,False,False,False,False,"bonus bMaxHPrate,-40;
bonus bMaxSPrate,50;
bonus2 bAddMonsterDropItem,513,200;
bonus2 bAddItemHealRate,513,100;
"
4377,Green_Iguana_Card,Grove Card,20,,10,0,False,False,False,False,False,False,"bonus3 bAddMonsterDropItem,12063,RC_Formless,50;
"
4378,Acidus_Card,Gold Acidus Card,20,,10,0,False,False,False,False,False,False,"if (getrefine()<=4) {
   bonus bMaxHPrate,8;
   bonus bMaxSPrate,8;
   bonus bHPrecovRate,5;
   bonus bSPrecovRate,5;
}
else {
   bonus bMaxHPrate,4;
   bonus bMaxSPrate,4;
}
"
4379,Acidus__Card,Blue Acidus Card,20,,10,0,False,False,False,False,False,False,"if (getrefine()<=4) {
   bonus bSPrecovRate,5;
   bonus bMaxSP,80;
}
else {
   bonus bMaxSP,40;
}
"
4380,Ferus_Card,Red Ferus Card,20,,10,0,False,False,False,False,False,False,"bonus2 bSkillAtk,""WZ_FIREPILLAR"",5;
bonus2 bSkillAtk,""WZ_METEOR"",5;
"
4381,Ferus__Card,Green Ferus Card,20,,10,0,False,False,False,False,False,False,"bonus bVit,1;
bonus bMaxHPrate,10;
"
4382,Novus__Card,Yellow Novus Card,20,,10,0,False,False,False,False,False,False,"bonus bMaxHP,500;
bonus bHPrecovRate,10;
"
4383,Novus_Card,Red Novus Card,20,,10,0,False,False,False,False,False,False,"bonus3 bAddEffWhenHit,Eff_Confusion,3000,ATF_TARGET|ATF_SELF;
"
4384,Hydro_Card,Hydrolancer Card,20,,10,0,False,False,False,False,False,False,"bonus3 bAutoSpell,""SA_SPELLBREAKER"",1,100;
"
4385,Dragon_Egg_Card,Dragon Egg Card,20,,10,0,False,False,False,False,False,False,"bonus3 bAddMonsterDropItem,12048,RC_Dragon,50;
"
4386,Detale_Card,Detardeurus Card,20,,10,0,False,False,False,False,False,False,"bonus bMdef,-20;
bonus2 bResEff,Eff_Freeze,10000;
bonus5 bAutoSpellWhenHit,""SA_LANDPROTECTOR"",1,70,BF_MAGIC,0;
"
4387,Ancient_Mimic_Card,Ancient Mimic Card,20,,10,0,False,False,False,False,False,False,"bonus bAgi,readparam(bLuk)/18;
"
4388,Deathword_Card,Death Word Card,20,,10,0,False,False,False,False,False,False,"bonus2 bSkillAtk,""MG_NAPALMBEAT"",5;
bonus2 bSkillAtk,""MG_SOULSTRIKE"",5;
bonus2 bSkillAtk,""HW_NAPALMVULCAN"",5;
"
4389,Plasma_Card,Plasma Card,20,,10,0,False,False,False,False,False,False,"bonus2 bAddMonsterDropItem,12118,50;
bonus2 bAddMonsterDropItem,12119,50;
bonus2 bAddMonsterDropItem,12120,50;
bonus2 bAddMonsterDropItem,12121,50;
"
4390,Breeze_Card,Breeze Card,20,,10,0,False,False,False,False,False,False,"bonus bBaseAtk,5;
bonus2 bAddEff,Eff_Bleeding,500;
"
4391,Retribution_Card,Baroness of Retribution Card,20,,10,0,False,False,False,False,False,False,"bonus3 bAddMonsterDropItem,12068,RC_Angel,50;
"
4392,Observation_Card,Dame of Sentinel Card,20,,10,0,False,False,False,False,False,False,"bonus bDex,readparam(bVit)/18;
"
4393,Shelter_Card,Mistress of Shelter Card,20,,10,0,False,False,False,False,False,False,"bonus bInt,readparam(bStr)/18;
"
4394,Solace_Card,Lady Solace Card,20,,10,0,False,False,False,False,False,False,"if (BaseJob == Job_Priest)
   bonus3 bAutoSpell,""CR_GRANDCROSS"",5,20;
"
4395,Tha_Maero_Card,Maero of Thanatos Card,20,,10,0,False,False,False,False,False,False,"bonus bBaseAtk,5;
bonus3 bAutoSpell,""AL_DECAGI"",3,50;
"
4396,Tha_Odium_Card,Odium of Thanatos Card,20,,10,0,False,False,False,False,False,False,"bonus bAgi,getrefine()-5;
"
4397,Tha_Despero_Card,Despero of Thanatos Card,20,,10,0,False,False,False,False,False,False,"bonus bInt,getrefine()-6;
"
4398,Tha_Dolor_Card,Dolor of Thanatos Card,20,,10,0,False,False,False,False,False,False,"bonus2 bMagicAddRace,RC_Angel,10;
"
4399,Thanatos_Card,Memory of Thanatos Card,20,,10,0,False,False,False,False,False,False,"bonus bDefRatioAtkClass,Class_All;
bonus bSPDrainValue,-1;
bonus bDef,-30;
bonus bFlee,-30;
"
4400,Aliza_Card,Aliza Card,20,,10,0,False,False,False,False,False,False,"bonus3 bAutoSpellWhenHit,""DC_WINKCHARM"",1,50+50*(BaseJob == Job_Dancer);
"
4401,Alicel_Card,Alicel Card,20,,10,0,False,False,False,False,False,False,"bonus bFlee,10;
bonus bDef,-5;
"
4402,Aliot_Card,Aliot Card,20,,10,0,False,False,False,False,False,False,"if (BaseClass == Job_Swordman || BaseClass == Job_Merchant || BaseClass == Job_Thief) {
   bonus bStr,2;
   bonus bMaxHPrate,5;
}
if (BaseClass == Job_Mage || BaseClass == Job_Archer || BaseClass == Job_Acolyte) {
   bonus bInt,2;
   bonus bMaxSPrate,5;
}
"
4403,Kiel_Card,Kiel-D-01 Card,20,,10,0,False,False,False,False,False,False,"bonus bDelayRate,-30;
"
4404,Skogul_Card,Skogul Card,20,,10,0,False,False,False,False,False,False,"bonus3 bAddEffWhenHit,Eff_Bleeding,3000,ATF_TARGET|ATF_SELF;
"
4405,Frus_Card,Frus Card,20,,10,0,False,False,False,False,False,False,"bonus bMagicDamageReturn,getrefine()*2;
if (BaseClass == Job_Mage)
   bonus bMdef,3;
"
4406,Skeggiold_Card,Skeggiold Card,20,,10,0,False,False,False,False,False,False,"bonus2 bMagicAddRace,RC_Demon,2;
"
4407,Randgris_Card,Randgris Card,20,,10,0,False,False,False,False,False,False,"bonus bUnbreakableWeapon;
bonus2 bAddClass,Class_All,10;
bonus3 bAutoSpell,""SA_DISPELL"",1,50;
"
4408,Gloom_Under_Night_Card,Gloom Under Night Card,20,,10,0,False,False,False,False,False,False,"bonus2 bAddEle,Ele_Holy,40;
bonus2 bAddEle,Ele_Dark,40;
bonus2 bAddRace,RC_Angel,40;
bonus2 bAddRace,RC_Demon,40;
"
4409,Agav_Card,Agav Card,20,,10,0,False,False,False,False,False,False,"bonus bMatkRate,5;
bonus bDef,-10;
if (BaseClass == Job_Mage)
   bonus bMaxSP,100;
"
4410,Echio_Card,Echio Card,20,,10,0,False,False,False,False,False,False,"bonus bBaseAtk,15;
if (BaseClass == Job_Swordman)
   bonus bMaxHP,500;
"
4411,Vanberk_Card,Vanberk Card,20,,10,0,False,False,False,False,False,False,"bonus bStr,2;
autobonus ""{ bonus bCritical,100; }"",5,5000,0,""{ specialeffect2 EF_ENHANCE; }"";
"
4412,Isilla_Card,Isilla Card,20,,10,0,False,False,False,False,False,False,"bonus bInt,2;
autobonus ""{ bonus bCastrate,-50; bonus bFlee,30; }"",50,5000,BF_MAGIC,""{ specialeffect2 EF_SUFFRAGIUM; }"";
"
4413,Hodremlin_Card,Hodremlin Card,20,,10,0,False,False,False,False,False,False,"bonus2 bSubSize,Size_All,15;
autobonus2 ""{ bonus bFlee2,30; }"",3,10000,BF_WEAPON|BF_MAGIC,""{ specialeffect2 EF_WIND; }"";
"
4414,Seeker_Card,Seeker Card,20,,10,0,False,False,False,False,False,False,"skill ""MG_STONECURSE"",1;
bonus2 bResEff,Eff_Stone,3000;
bonus bMdef,10;
"
4415,Snowier_Card,Snowier Card,20,,10,0,False,False,False,False,False,False,"bonus2 bAddMonsterDropItem,536,2000;
bonus2 bAddItemHealRate,536,100;
"
4416,Siroma_Card,Siroma Card,20,,10,0,False,False,False,False,False,False,"bonus2 bSkillAtk,""MG_COLDBOLT"",25;
bonus2 bCastrate,""MG_COLDBOLT"",-25;
"
4417,Ice_Titan_Card,Ice Titan Card,20,,10,0,False,False,False,False,False,False,"bonus bVit,2;
autobonus2 ""{ bonus bDef,10; }"",3,10000,BF_WEAPON|BF_MAGIC,""{ specialeffect2 EF_FREEZED; }"";
"
4418,Gazeti_Card,Gazeti Card,20,,10,0,False,False,False,False,False,False,"bonus3 bAutoSpell,""MG_COLDBOLT"",2,100;
"
4419,Ktullanux_Card,Ktullanux Card,20,,10,0,False,False,False,False,False,False,"bonus2 bAddEle,Ele_Fire,50;
bonus5 bAutoSpellWhenHit,""WZ_FROSTNOVA"",10,20,BF_WEAPON|BF_MAGIC,0;
"
4420,Muscipular_Card,Muscipular Card,20,,10,0,False,False,False,False,False,False,"bonus3 bAutoSpellWhenHit,""AL_HEAL"",1,100;
bonus3 bAutoSpellWhenHit,""AL_INCAGI"",1,100;
"
4421,Drosera_Card,Drosera Card,20,,10,0,False,False,False,False,False,False,"bonus bCriticalLong,15;
"
4422,Roween_Card,Roween Card,20,,10,0,False,False,False,False,False,False,"bonus bFlee,5;
bonus bFlee2,3;
bonus2 bAddEle,Ele_Water,10;
bonus2 bCriticalAddRace,RC_Fish,15;
"
4423,Galion_Card,Galion Card,20,,10,0,False,False,False,False,False,False,"bonus bHit,5;
bonus2 bAddEle,Ele_Water,5;
"
4424,Stapo_Card,Stapo Card,20,,10,0,False,False,False,False,False,False,"skill ""TF_PICKSTONE"",1;
skill ""TF_THROWSTONE"",1;
"
4425,Atroce_Card,Atroce Card,20,,10,0,False,False,False,False,False,False,"bonus bBaseAtk,25;
autobonus ""{ bonus bAspdRate,100; }"",5,10000,0,""{ specialeffect2 EF_POTION_BERSERK; }"";
"
4426,Byorgue_Card,Byorgue Card,20,,10,0,False,False,False,False,False,False,"if (BaseJob == Job_Rogue) {
   bonus bMatkRate,10;
   bonus2 bAddClass,Class_All,10;
}
"
4427,Sword_Guardian_Card,Sword Guardian Card,20,,10,0,False,False,False,False,False,False,"if (getiteminfo(getequipid(EQI_HAND_R), ITEMINFO_VIEW) == W_1HSWORD || getiteminfo(getequipid(EQI_HAND_R), ITEMINFO_VIEW) == W_2HSWORD) {
   bonus bHit,5;
   bonus bCritical,5;
   bonus2 bSkillAtk,62,25;
}
"
4428,Bow_Guardian_Card,Bow Guardian Card,20,,10,0,False,False,False,False,False,False,"if (getiteminfo(getequipid(EQI_HAND_R), ITEMINFO_VIEW) == W_BOW) {
   bonus bHit,5;
   bonus bCritical,5;
   bonus2 bSkillAtk,47,50;
}
"
4429,Salamander_Card,Salamander Card,20,,10,0,False,False,False,False,False,False,"bonus2 bSkillAtk,""WZ_FIREPILLAR"",40;
bonus2 bSkillAtk,""WZ_METEOR"",40;
"
4430,Ifrit_Card,Ifrit Card,20,,10,0,False,False,False,False,False,False,"bonus bBaseAtk,(JobLevel/10);
bonus bCritical,(JobLevel/10);
bonus bHit,(JobLevel/10);
bonus3 bAutoSpellWhenHit,""NPC_EARTHQUAKE"",2,10;
"
4431,Kasa_Card,Kasa Card,20,,10,0,False,False,False,False,False,False,"bonus3 bAutoSpell,""MG_FIREBALL"",5,20;
bonus3 bAutoSpell,""MG_FIREBOLT"",5,20;
"
4432,Magmaring_Card,Magmaring Card,20,,10,0,False,False,False,False,False,False,"bonus bBaseAtk,5;
bonus2 bAddEle,Ele_Earth,10;
bonus2 bCriticalAddRace,RC_Brute,15;
bonus2 bCriticalAddRace,RC_Player_Doram,15;
bonus2 bCriticalAddRace,RC_Plant,15;
"
4433,Imp_Card,Imp Card,20,,10,0,False,False,False,False,False,False,"bonus2 bSkillAtk,""MG_FIREBOLT"",25;
bonus2 bCastrate,""MG_FIREBOLT"",-25;
"
4434,Knocker_Card,Knocker Card,20,,10,0,False,False,False,False,False,False,"bonus2 bAddRace,RC_Formless,5;
bonus3 bAddMonsterDropItem,756,RC_Formless,10;
bonus3 bAddMonsterDropItem,757,RC_Formless,10;
"
4435,Zombie_Slaughter_Card,Zombie Slaughter Card,20,,10,0,False,False,False,False,False,False,"bonus2 bAddRace,RC_DemiHuman,1;
bonus2 bAddRace,RC_Player_Human,1;
bonus2 bMagicAddRace,RC_DemiHuman,1;
bonus2 bMagicAddRace,RC_Player_Human,1;
bonus bHPGainValue,50;
"
4436,Ragged_Zombie_Card,Ragged Zombie Card,20,,10,0,False,False,False,False,False,False,"bonus2 bCriticalAddRace,RC_DemiHuman,5;
bonus2 bCriticalAddRace,RC_Player_Human,5;
bonus2 bAddRace,RC_DemiHuman,1;
bonus2 bAddRace,RC_Player_Human,1;
bonus2 bMagicAddRace,RC_DemiHuman,1;
bonus2 bMagicAddRace,RC_Player_Human,1;
bonus2 bAddEff2,Eff_Bleeding,10;
"
4437,Hell_Poodle_Card,Hell Poodle Card,20,,10,0,False,False,False,False,False,False,"bonus bHit,1;
bonus2 bAddItemHealRate,517,100;
bonus3 bAddEff,Eff_Bleeding,50,ATF_SHORT;
"
4438,Banshee_Card,Banshee Card,20,,10,0,False,False,False,False,False,False,"if (BaseClass == Job_Mage) {
   bonus bMaxSP,100;
   bonus bMaxHP,-100;
   bonus2 bSkillAtk,""MG_NAPALMBEAT"",20;
   bonus2 bSkillAtk,""MG_SOULSTRIKE"",20;
   bonus2 bSkillAtk,""HW_NAPALMVULCAN"",20;
}
"
4439,Flame_Skull_Card,Flame Skull Card,20,,10,0,False,False,False,False,False,False,"bonus2 bResEff,Eff_Blind,3000;
bonus2 bResEff,Eff_Stun,3000;
bonus2 bResEff,Eff_Curse,3000;
bonus2 bResEff,Eff_Stone,3000;
bonus2 bAddEffWhenHit,Eff_Blind,500;
bonus2 bAddEffWhenHit,Eff_Stun,500;
bonus2 bAddEffWhenHit,Eff_Curse,500;
bonus2 bAddEffWhenHit,Eff_Stone,500;
"
4440,Necromancer_Card,Necromancer Card,20,,10,0,False,False,False,False,False,False,"if (getiteminfo(getequipid(EQI_HAND_R), ITEMINFO_VIEW) == W_STAFF) {
   bonus bInt,1;
   bonus2 bIgnoreMdefClassRate,Class_Normal,2;
   bonus2 bIgnoreMdefClassRate,Class_Boss,2;
}
"
4441,Fallen_Bishop_Card,Fallen Bishop Hibram Card,20,,10,0,False,False,False,False,False,False,"bonus bMatkRate,10;
bonus bMaxSPrate,-50;
bonus2 bMagicAddRace,RC_Angel,50;
bonus2 bMagicAddRace,RC_DemiHuman,50;
bonus2 bMagicAddRace,RC_Player_Human,50;
"
4442,Tatacho_Card,Tatacho Card,20,,10,0,False,False,False,False,False,False,"bonus2 bSubEle,Ele_Neutral,20;
bonus2 bAddEle,Ele_Neutral,5;
"
4443,Aqua_Elemental_Card,Aqua Elemental Card,20,,10,0,False,False,False,False,False,False,"bonus2 bSubEle,Ele_Water,20;
bonus2 bAddEle,Ele_Water,5;
"
4444,Draco_Card,Draco Card,20,,10,0,False,False,False,False,False,False,"bonus2 bSubEle,Ele_Earth,20;
bonus2 bAddEle,Ele_Earth,5;
"
4445,Luciola_Vespa_Card,Luciola Vespa Card,20,,10,0,False,False,False,False,False,False,"bonus2 bSubEle,Ele_Wind,20;
bonus2 bAddEle,Ele_Wind,5;
"
4447,Centipede_Card,Centipede Card,20,,10,0,False,False,False,False,False,False,"bonus2 bSubEle,Ele_Poison,20;
bonus2 bAddEle,Ele_Poison,5;
"
4448,Cornus_Card,Cornus Card,20,,10,0,False,False,False,False,False,False,"bonus2 bSubEle,Ele_Holy,20;
bonus2 bAddEle,Ele_Holy,5;
"
4449,Dark_Shadow_Card,Dark Shadow Card,20,,10,0,False,False,False,False,False,False,"bonus2 bSubEle,Ele_Dark,20;
bonus2 bAddEle,Ele_Dark,5;
"
4450,Banshee_Master_Card,Banshee Master Card,20,,10,0,False,False,False,False,False,False,"bonus bInt,1;
bonus bMatk,10;
"
4451,Ant_Buyanne_Card,Entweihen Crothen Card,20,,10,0,False,False,False,False,False,False,"bonus bMatk,100;
"
4452,Centipede_Larva_Card,Centipede Larva Card,20,,10,0,False,False,False,False,False,False,"bonus bInt,1;
bonus bMatk,3;
"
4453,Hilsrion_Card,Hillsrion Card,20,,10,0,False,False,False,False,False,False,"bonus bBaseAtk,25;
"
4700,Strength1,STR+1,20,,10,0,False,False,False,False,False,False,"bonus bStr,1;
"
4701,Strength2,STR+2,20,,10,0,False,False,False,False,False,False,"bonus bStr,2;
"
4702,Strength3,STR+3,20,,10,0,False,False,False,False,False,False,"bonus bStr,3;
"
4703,Strength4,STR+4,20,,10,0,False,False,False,False,False,False,"bonus bStr,4;
"
4704,Strength5,STR+5,20,,10,0,False,False,False,False,False,False,"bonus bStr,5;
"
4705,Strength6,STR+6,20,,10,0,False,False,False,False,False,False,"bonus bStr,6;
"
4706,Strength7,STR+7,20,,10,0,False,False,False,False,False,False,"bonus bStr,7;
"
4707,Strength8,STR+8,20,,10,0,False,False,False,False,False,False,"bonus bStr,8;
"
4708,Strength9,STR+9,20,,10,0,False,False,False,False,False,False,"bonus bStr,9;
"
4709,Strength10,STR+10,20,,10,0,False,False,False,False,False,False,"bonus bStr,10;
"
4710,Inteligence1,INT+1,20,,10,0,False,False,False,False,False,False,"bonus bInt,1;
"
4711,Inteligence2,INT+2,20,,10,0,False,False,False,False,False,False,"bonus bInt,2;
"
4712,Inteligence3,INT+3,20,,10,0,False,False,False,False,False,False,"bonus bInt,3;
"
4713,Inteligence4,INT+4,20,,10,0,False,False,False,False,False,False,"bonus bInt,4;
"
4714,Inteligence5,INT+5,20,,10,0,False,False,False,False,False,False,"bonus bInt,5;
"
4715,Inteligence6,INT+6,20,,10,0,False,False,False,False,False,False,"bonus bInt,6;
"
4716,Inteligence7,INT+7,20,,10,0,False,False,False,False,False,False,"bonus bInt,7;
"
4717,Inteligence8,INT+8,20,,10,0,False,False,False,False,False,False,"bonus bInt,8;
"
4718,Inteligence9,INT+9,20,,10,0,False,False,False,False,False,False,"bonus bInt,9;
"
4719,Inteligence10,INT+10,20,,10,0,False,False,False,False,False,False,"bonus bInt,10;
"
4720,Dexterity1,DEX+1,20,,10,0,False,False,False,False,False,False,"bonus bDex,1;
"
4721,Dexterity2,DEX+2,20,,10,0,False,False,False,False,False,False,"bonus bDex,2;
"
4722,Dexterity3,DEX+3,20,,10,0,False,False,False,False,False,False,"bonus bDex,3;
"
4723,Dexterity4,DEX+4,20,,10,0,False,False,False,False,False,False,"bonus bDex,4;
"
4724,Dexterity5,DEX+5,20,,10,0,False,False,False,False,False,False,"bonus bDex,5;
"
4725,Dexterity6,DEX+6,20,,10,0,False,False,False,False,False,False,"bonus bDex,6;
"
4726,Dexterity7,DEX+7,20,,10,0,False,False,False,False,False,False,"bonus bDex,7;
"
4727,Dexterity8,DEX+8,20,,10,0,False,False,False,False,False,False,"bonus bDex,8;
"
4728,Dexterity9,DEX+9,20,,10,0,False,False,False,False,False,False,"bonus bDex,9;
"
4729,Dexterity10,DEX+10,20,,10,0,False,False,False,False,False,False,"bonus bDex,10;
"
4730,Agility1,AGI+1,20,,10,0,False,False,False,False,False,False,"bonus bAgi,1;
"
4731,Agility2,AGI+2,20,,10,0,False,False,False,False,False,False,"bonus bAgi,2;
"
4732,Agility3,AGI+3,20,,10,0,False,False,False,False,False,False,"bonus bAgi,3;
"
4733,Agility4,AGI+4,20,,10,0,False,False,False,False,False,False,"bonus bAgi,4;
"
4734,Agility5,AGI+5,20,,10,0,False,False,False,False,False,False,"bonus bAgi,5;
"
4735,Agility6,AGI+6,20,,10,0,False,False,False,False,False,False,"bonus bAgi,6;
"
4736,Agility7,AGI+7,20,,10,0,False,False,False,False,False,False,"bonus bAgi,7;
"
4737,Agility8,AGI+8,20,,10,0,False,False,False,False,False,False,"bonus bAgi,8;
"
4738,Agility9,AGI+9,20,,10,0,False,False,False,False,False,False,"bonus bAgi,9;
"
4739,Agility10,AGI+10,20,,10,0,False,False,False,False,False,False,"bonus bAgi,10;
"
4740,Vitality1,VIT+1,20,,10,0,False,False,False,False,False,False,"bonus bVit,1;
"
4741,Vitality2,VIT+2,20,,10,0,False,False,False,False,False,False,"bonus bVit,2;
"
4742,Vitality3,VIT+3,20,,10,0,False,False,False,False,False,False,"bonus bVit,3;
"
4743,Vitality4,VIT+4,20,,10,0,False,False,False,False,False,False,"bonus bVit,4;
"
4744,Vitality5,VIT+5,20,,10,0,False,False,False,False,False,False,"bonus bVit,5;
"
4745,Vitality6,VIT+6,20,,10,0,False,False,False,False,False,False,"bonus bVit,6;
"
4746,Vitality7,VIT+7,20,,10,0,False,False,False,False,False,False,"bonus bVit,7;
"
4747,Vitality8,VIT+8,20,,10,0,False,False,False,False,False,False,"bonus bVit,8;
"
4748,Vitality9,VIT+9,20,,10,0,False,False,False,False,False,False,"bonus bVit,9;
"
4749,Vitality10,VIT+10,20,,10,0,False,False,False,False,False,False,"bonus bVit,10;
"
4750,Luck1,LUK+1,20,,10,0,False,False,False,False,False,False,"bonus bLuk,1;
"
4751,Luck2,LUK+2,20,,10,0,False,False,False,False,False,False,"bonus bLuk,2;
"
4752,Luck3,LUK+3,20,,10,0,False,False,False,False,False,False,"bonus bLuk,3;
"
4753,Luck4,LUK+4,20,,10,0,False,False,False,False,False,False,"bonus bLuk,4;
"
4754,Luck5,LUK+5,20,,10,0,False,False,False,False,False,False,"bonus bLuk,5;
"
4755,Luck6,LUK+6,20,,10,0,False,False,False,False,False,False,"bonus bLuk,6;
"
4756,Luck7,LUK+7,20,,10,0,False,False,False,False,False,False,"bonus bLuk,7;
"
4757,Luck8,LUK+8,20,,10,0,False,False,False,False,False,False,"bonus bLuk,8;
"
4758,Luck9,LUK+9,20,,10,0,False,False,False,False,False,False,"bonus bLuk,9;
"
4759,Luck10,LUK+10,20,,10,0,False,False,False,False,False,False,"bonus bLuk,10;
"
4760,Matk1,MATK+1%,20,,10,0,False,False,False,False,False,False,"bonus bMatkRate,1;
"
4761,Matk2,MATK+2%,20,,10,0,False,False,False,False,False,False,"bonus bMatkRate,2;
"
4762,Evasion6,FLEE+6,20,,10,0,False,False,False,False,False,False,"bonus bFlee,6;
"
4763,Evasion12,FLEE+12,20,,10,0,False,False,False,False,False,False,"bonus bFlee,12;
"
4764,Critical5,CRI+5,20,,10,0,False,False,False,False,False,False,"bonus bCritical,5;
"
4765,Critical7,CRI+7,20,,10,0,False,False,False,False,False,False,"bonus bCritical,7;
"
4766,Atk2,ATK+2%,20,,10,0,False,False,False,False,False,False,"bonus2 bAddClass,Class_All,2;
"
4767,Atk3,ATK+3%,20,,10,0,False,False,False,False,False,False,"bonus2 bAddClass,Class_All,3;
"
4768,Str1_J,STR+1,20,,10,0,False,False,False,False,False,False,
4769,Str2_J,STR+2,20,,10,0,False,False,False,False,False,False,
4770,Str3_J,STR+3,20,,10,0,False,False,False,False,False,False,
4771,Int1_J,INT+1,20,,10,0,False,False,False,False,False,False,
4772,Int2_J,INT+2,20,,10,0,False,False,False,False,False,False,
4773,Int3_J,INT+3,20,,10,0,False,False,False,False,False,False,
4774,Vit1_J,VIT+1,20,,10,0,False,False,False,False,False,False,
4775,Vit2_J,VIT+2,20,,10,0,False,False,False,False,False,False,
4776,Vit3_J,VIT+3,20,,10,0,False,False,False,False,False,False,
4777,Agi1_J,AGI+1,20,,10,0,False,False,False,False,False,False,
4778,Agi2_J,AGI+2,20,,10,0,False,False,False,False,False,False,
4779,Agi3_J,AGI+3,20,,10,0,False,False,False,False,False,False,
4780,Dex1_J,DEX+1,20,,10,0,False,False,False,False,False,False,
4781,Dex2_J,DEX+2,20,,10,0,False,False,False,False,False,False,
4782,Dex3_J,DEX+3,20,,10,0,False,False,False,False,False,False,
4783,Luk1_J,LUK+1,20,,10,0,False,False,False,False,False,False,
4784,Luk2_J,LUK+2,20,,10,0,False,False,False,False,False,False,
4785,Luk3_J,LUK+3,20,,10,0,False,False,False,False,False,False,
